name,chembl_id,Ki_nM,pKi,koff,RT_min,logRT,kon,eff_impedance,eff_cAMP,cnn_best,cnn_mean_all,vina_best,seed_sd_max,cnn_2YDO,cnn_2YDV,cnn_3QAK,cnn_sd_2YDO,cnn_sd_2YDV,cnn_sd_3QAK,logkon,vina_2YDO,vina_2YDV,vina_3QAK
UK432097,CHEMBL1096896,22.0,7.657577319177793,0.004,250.0,2.3979400086720375,500000.0,114.0,115.0,7.575,7.529,2.7,0.311,7.575,7.483,8.736,0.311,0.29,0.105,5.698970004336019,5.49,2.7,-10.83
CGS21680,CHEMBL331372,376.0,6.424812155072339,0.02,53.0,1.724275869600789,50000.0,100.0,100.0,8.192,8.106,-10.78,0.132,8.02,8.192,7.373,0.078,0.13,0.132,4.698970004336019,-10.78,-10.5,-9.27
NECA,CHEMBL464859,64.0,7.1938200260161125,0.03,35.0,1.5440680443502757,500000.0,,,7.413,7.279,-9.01,0.012,7.145,7.413,6.456,0.006,0.012,0.003,5.698970004336019,-9.01,-8.86,-8.83
LUF5549,CHEMBL3981215,24.0,7.619788758288394,0.04,24.0,1.380211241711606,2400000.0,92.0,71.0,7.46,7.232,-8.08,0.337,7.004,7.46,6.19,0.251,0.007,0.337,6.380211241711606,-8.08,-7.67,-7.76
LUF5631,CHEMBL3983152,44.0,7.356547323513812,0.05,21.0,1.3222192947339193,800000.0,91.0,67.0,7.313,7.171,-8.26,0.062,7.03,7.313,6.601,0.062,0.006,0.025,5.903089986991944,-8.26,-8.06,-7.47
LUF5448,CHEMBL3932873,219.0,6.6595558851598815,0.06,16.0,1.2041199826559248,280000.0,83.0,84.0,7.291,7.183,-7.18,0.283,7.074,7.291,6.63,0.031,0.283,0.104,5.447158031342219,-7.18,-6.97,-7.19
LUF5550,CHEMBL3978846,126.0,6.899629454882437,0.09,12.0,1.0791812460476249,800000.0,63.0,39.0,7.762,7.684,-7.67,0.344,7.606,7.762,6.879,0.096,0.145,0.344,5.903089986991944,-7.67,-7.46,-7.13
LUF5833,CHEMBL124345,17.0,7.769551078621726,0.16,6.3,0.7993405494535817,8500000.0,54.0,38.0,7.921,7.751,-8.65,0.051,7.921,7.581,7.564,0.044,0.051,0.048,6.929418925714293,-8.65,-8.28,-8.4
LUF5834,CHEMBL122622,16.0,7.795880017344075,0.23,4.2,0.6232492903979004,11000000.0,54.0,50.0,8.01,7.937,-9.11,0.09,8.01,7.863,7.773,0.09,0.07,0.086,7.041392685158225,-9.06,-9.11,-8.92
LUF5835,CHEMBL122806,15.0,7.823908740944319,0.29,3.4,0.5314789170422551,16000000.0,47.0,58.0,8.198,8.077,-8.8,0.066,8.198,7.955,7.96,0.013,0.066,0.049,7.204119982655925,-8.8,-8.68,-8.72
